-- Wipe local data
DELETE FROM review_sessions;
DELETE FROM cards;
DELETE FROM projects;

-- Projects
INSERT INTO projects VALUES('oWmQszzl1fgw_j7Y17nKk','Well Prepped Life Part 2','b1dtUXN6emwxZmd3X2o3WTE3bktrOjg2MDlkZjlkMjAzODA1MjhhMzk4OGZjNGJlNDIyMTBiOjViMDMyNWZlYTI4NGQ1NWUxMjUwOTgwZDQyMGZkMDNkMDY5MWM2OTYxMTc0ZTZlMzk4NWU5NjMwOGNhNDc0M2Y','transcript',1773988022134,1774313475867);
INSERT INTO projects VALUES('bJgN_GDvGjZWX0Avxt2oT','Same Day Handyman OKC','YkpnTl9HRHZHalpXWDBBdnh0Mm9UOmFhOThhYWY2NzBhODMzNjdkOWJiYjk5N2VjMmViNzA4OjA4OTU3MTQ5MDRhZWZiNWM2Mzk0ZTkzNzkxMGJhZWY0NjdhMWM5ZjM4NmNlY2U4MTg2NGFhODdmMDMyZGU2ODU','transcript',1773988535407,1773989224236);
INSERT INTO projects VALUES('rTDPL2K13nV9lwhBRamP6','Well prepped life','715W9wjGhZ1x2Y8q35jWgVv6hqQ9DM4rtHsGZ2Lr1n4','transcript',1773717950251,1774312928075);

-- Cards
INSERT INTO cards VALUES('i6w1j_LHLH-J9ewaqTKK7','oWmQszzl1fgw_j7Y17nKk',1,'Here''s something most people get wrong… doing all the cooking for someone can actually take away their independence.

And for many disabled adults, the kitchen starts to feel like a place they can''t use.

But with the right setup—simple changes like seated prep, one-handed techniques, or better tools—they can cook safely again.

That''s not just food—that''s independence.

If you want help setting this up, book a free call at wellpreppedlife.com.',NULL,NULL,NULL,'waiting','','','','',1773988022134,1773988242544);

INSERT INTO cards VALUES('lpuzA8fENeTr8Sg59xTIX','oWmQszzl1fgw_j7Y17nKk',2,'Most people think when Parkinson''s gets worse… you have to take over the kitchen completely.

But that''s what takes away independence the fastest.

The goal isn''t to stop them from cooking—it''s to adapt how they cook. Seated prep, better tools, and timing it right can make a huge difference.

It keeps them safer and more independent.

If you want help setting this up, book a free call at wellpreppedlife.com.',NULL,NULL,NULL,'waiting','','','','',1773988022134,1773988264076);

INSERT INTO cards VALUES('eD4GKbNsV3qayPNczrIrE','oWmQszzl1fgw_j7Y17nKk',3,'Most caregivers don''t burn out all at once… it''s the daily meals that wear you down.

Driving over, cooking again, wondering if they even ate—it never stops.

Here''s what actually works: stop cooking full meals every day. Prep a few basics—protein, vegetables, and one simple soup—and mix them through the week.

It saves hours and reduces stress.

If you want help setting this up, book a free call at wellpreppedlife.com.',NULL,NULL,NULL,'waiting','','','','',1773988022134,1773988286969);

INSERT INTO cards VALUES('4o7mZ0Iup1hIgQLOyDECa','oWmQszzl1fgw_j7Y17nKk',4,'Most people don''t realize this… after surgery, eating the wrong foods can actually slow recovery.

And if you''re caring for someone, it''s overwhelming—you''re guessing what they should eat and how to prepare it.

Here''s what works: soft, high-protein foods in small portions throughout the day.

That alone can speed up healing.

If you want help setting this up the right way, book a free call at wellpreppedlife.com.',NULL,NULL,NULL,'waiting','','','','',1773988022134,1773988306692);

INSERT INTO cards VALUES('w3-u0IR2ySBeu8ik283U3','oWmQszzl1fgw_j7Y17nKk',5,'Has your loved one suddenly stopped eating… and you don''t know why?

You''re not doing anything wrong. Dementia actually changes how the brain recognizes food and hunger.

What helps is simple—stop focusing on full meals. Offer small, easy finger foods throughout the day instead.

It lowers stress and actually gets them to eat.

If you want help setting this up in your home, book a free call at wellpreppedlife.com.',NULL,NULL,NULL,'waiting','','','','',1773988022134,1773988329927);

INSERT INTO cards VALUES('eZEumtGF5tEQznbbRl_hF','bJgN_GDvGjZWX0Avxt2oT',1,'Did your fence just blow down after a storm?

Most people rush to fix it… and miss something important.

First—don''t touch anything. Take photos for insurance before you move a single board.

Then check the posts. If they''re cracked or rotted, they need replacing—not just a quick fix.

A bad repair will fail in the next storm.

If you want it fixed right—and fast—we can usually get out same or next day.

Call or book now and we''ll take care of it.',NULL,NULL,NULL,'waiting','','','','',1773988535407,1773989239992);

INSERT INTO cards VALUES('x0EbCbpA8H4WrRj6En4wP','bJgN_GDvGjZWX0Avxt2oT',2,'Got a hole in your drywall and not sure if it can be fixed?

Most people think they need to replace the whole wall… and end up overpaying.

Here''s the rule—small holes, cracks, and dents? Easy patch.

But if there''s water damage, multiple holes, or anything big? Replacement is usually the better move.

The wrong choice can cost you more later.

If you want a quick, honest answer and a flat price, call or book now—we''ll tell you exactly what it needs.',NULL,NULL,NULL,'waiting','','','','',1773988535407,1773989253788);

INSERT INTO cards VALUES('3RnhseFPJF5fv4uDsD9Ch','bJgN_GDvGjZWX0Avxt2oT',3,'Not sure what a handyman should cost in Oklahoma City?

Most people either overpay… or avoid fixing things altogether.

Here''s the truth—most jobs are $75 to $200, and hourly rates usually run $85 to $100.

But the key is this: always get a flat price upfront so you''re not watching the clock.

We do that for every job—no surprises.

If you want an exact quote for your project, call or book now—we''ll tell you the price before we start.',NULL,NULL,NULL,'waiting','','','','',1773988535407,1773989304719);

INSERT INTO cards VALUES('8XH4l-tuGKTg5Vm27qF4U','bJgN_GDvGjZWX0Avxt2oT',4,'',NULL,NULL,NULL,'waiting','','','','',1773988535407,1773988535407);
INSERT INTO cards VALUES('2G26UkA4mNmRRX9hGd3X0','bJgN_GDvGjZWX0Avxt2oT',5,'',NULL,NULL,NULL,'waiting','','','','',1773988535407,1773988535407);

INSERT INTO cards VALUES('TzvF0VpuuX25Lpd25Wwx-','rTDPL2K13nV9lwhBRamP6',1,'Has your loved one suddenly stopped eating… and you don''t know why?

You''re not doing anything wrong. Dementia actually changes how the brain recognizes food and hunger.

What helps is simple—stop focusing on full meals. Offer small, easy finger foods throughout the day instead.

It lowers stress and actually gets them to eat.

If you want help setting this up in your home, book a free call at wellpreppedlife.com.',NULL,NULL,NULL,'waiting','','','','',1773717950251,1773725282005);

INSERT INTO cards VALUES('znXWqJtFdsf5nTjWP766f','rTDPL2K13nV9lwhBRamP6',2,'Most people don''t realize this… after surgery, eating the wrong foods can actually slow recovery.

And if you''re caring for someone, it''s overwhelming—you''re guessing what they should eat and how to prepare it.

Here''s what works: soft, high-protein foods in small portions throughout the day.

That alone can speed up healing.

If you want help setting this up the right way, book a free call at wellpreppedlife.com.',NULL,NULL,NULL,'waiting','','','','',1773717950251,1774312828229);

INSERT INTO cards VALUES('-P_Jqo4Pvk_zUbALAusTt','rTDPL2K13nV9lwhBRamP6',3,'Most caregivers don''t burn out all at once… it''s the daily meals that wear you down.

Driving over, cooking again, wondering if they even ate—it never stops.

Here''s what actually works: stop cooking full meals every day. Prep a few basics—protein, vegetables, and one simple soup—and mix them through the week.

It saves hours and reduces stress.

If you want help setting this up, book a free call at my website.',NULL,NULL,NULL,'waiting','','','','',1773717950251,1773725310909);

INSERT INTO cards VALUES('1rfYjuq2ZzIf1lzkIm8uH','rTDPL2K13nV9lwhBRamP6',4,'Most people think when Parkinson''s gets worse… you have to take over the kitchen completely.

But that''s what takes away independence the fastest.

The goal isn''t to stop them from cooking—it''s to adapt how they cook. Seated prep, better tools, and timing it right can make a huge difference.

It keeps them safer and more independent.

If you want help setting this up, book a free call at wellpreppedlife.com.',NULL,NULL,NULL,'waiting','','','','',1773717950251,1773725319104);

INSERT INTO cards VALUES('UUfyCsKCZy_I6LI0ikYJL','rTDPL2K13nV9lwhBRamP6',5,'Here''s something most people get wrong… doing all the cooking for someone can actually take away their independence.

And for many disabled adults, the kitchen starts to feel like a place they can''t use.

But with the right setup—simple changes like seated prep, one-handed techniques, or better tools—they can cook safely again.

That''s not just food—that''s independence.

If you want help setting this up, book a free call on my site.',NULL,NULL,NULL,'waiting','','','','',1773717950251,1773725335824);

-- Review sessions
INSERT INTO review_sessions VALUES('7gqbfGclKf2XyehXzlBXG','rTDPL2K13nV9lwhBRamP6','jselah@gmail.com',2,1774486261904,NULL,1774313461904);
INSERT INTO review_sessions VALUES('8p-8HQITb896F5xwOA78s','oWmQszzl1fgw_j7Y17nKk','jselah@gmail.com',2,1774486279209,NULL,1774313479209);
INSERT INTO review_sessions VALUES('_GmMaCsFuRp8vNVvkIhpT','bJgN_GDvGjZWX0Avxt2oT','dsa1999@icloud.com',2,1774486293787,NULL,1774313493787);
